,pair,bidAskSpread
0,BTCUSDT,0.0018060352467548452
1,ETHUSDT,0.05894870899944127
