,pair,avgDailyVolume
0,BTCUSDT,2213618649.577687
1,ETHUSDT,594104800.9385434
