,,,stats,stats,stats,stats,stats,stats,stats,stats,stats,stats
factor,,,25,50,75,100,150,200,400,600,800,1000
pair,side,stat,,,,,,,,,,
KP3RBUSD,asks,mean,2882.8856353000006,28035.1302632,28052.0541418,28500.735605500005,33592.37170270001,33934.475381300006,78914.31134869996,128290.97241789997,162218.8973427999,223242.00299949993
KP3RBUSD,asks,median,2882.8856353000006,28035.1302632,28052.0541418,28500.735605500005,33592.37170270001,33934.475381300006,78914.31134869996,128290.97241789997,162218.8973427999,223242.00299949993
KP3RBUSD,bids,mean,1284.0918099,2940.8553668000004,6222.8927539,19225.5214952,19776.1750024,26303.9360956,92399.4515379,103331.14668799998,118080.70786659996,125541.51948689998
KP3RBUSD,bids,median,1284.0918099,2940.8553668000004,6222.8927539,19225.5214952,19776.1750024,26303.9360956,92399.4515379,103331.14668799998,118080.70786659996,125541.51948689998
